incident_number,incident_state,short_description,resolution,combined_text
INC0000001,On Hold,Email notifications are not being sent,Increased database connection pool size to handle more requests.,On Hold Email notifications are not being sent Increased database connection pool size to handle more requests.
INC0000002,Resolved,Unexpected logout from the platform,Restarted the affected service and monitored for stability.,Resolved Unexpected logout from the platform Restarted the affected service and monitored for stability.
INC0000003,Resolved,Application crashes when uploading large files,Improved API response times by optimizing database queries.,Resolved Application crashes when uploading large files Improved API response times by optimizing database queries.
INC0000004,On Hold,Slow response times for API requests,Fixed the integration issue by updating API keys.,On Hold Slow response times for API requests Fixed the integration issue by updating API keys.
INC0000005,In Progress,Session timeout occurs too quickly,Unlocked the user's account and provided instructions to reset the password.,In Progress Session timeout occurs too quickly Unlocked the user's account and provided instructions to reset the password.
INC0000006,New,Data synchronization between services is delayed,Resolved the unexpected logout issue by fixing session handling logic.,New Data synchronization between services is delayed Resolved the unexpected logout issue by fixing session handling logic.
INC0000007,New,Search functionality is not returning results,Increased session timeout duration as per user feedback.,New Search functionality is not returning results Increased session timeout duration as per user feedback.
INC0000008,Closed,Data synchronization between services is delayed,Increased session timeout duration as per user feedback.,Closed Data synchronization between services is delayed Increased session timeout duration as per user feedback.
INC0000009,On Hold,Unexpected logout from the platform,Resolved the issue by fixing a bug in the user creation workflow.,On Hold Unexpected logout from the platform Resolved the issue by fixing a bug in the user creation workflow.
INC0000010,On Hold,Session timeout occurs too quickly,Reconfigured scheduled jobs to run at the correct intervals.,On Hold Session timeout occurs too quickly Reconfigured scheduled jobs to run at the correct intervals.
INC0000011,Resolved,Unable to access the platform dashboard,Restarted the affected service and monitored for stability.,Resolved Unable to access the platform dashboard Restarted the affected service and monitored for stability.
INC0000012,New,Unable to access the platform dashboard,Resolved the issue by fixing a bug in the user creation workflow.,New Unable to access the platform dashboard Resolved the issue by fixing a bug in the user creation workflow.
INC0000013,On Hold,Slow response times for API requests,Resolved the crash by increasing the file size limit.,On Hold Slow response times for API requests Resolved the crash by increasing the file size limit.
INC0000014,On Hold,Unable to create new user accounts,Restarted the affected service and monitored for stability.,On Hold Unable to create new user accounts Restarted the affected service and monitored for stability.
INC0000015,On Hold,Search functionality is not returning results,Unlocked the user's account and provided instructions to reset the password.,On Hold Search functionality is not returning results Unlocked the user's account and provided instructions to reset the password.
INC0000016,New,Session timeout occurs too quickly,Resolved the unexpected logout issue by fixing session handling logic.,New Session timeout occurs too quickly Resolved the unexpected logout issue by fixing session handling logic.
INC0000017,Resolved,Permission denied error for certain users,Updated email server configuration to resolve the issue.,Resolved Permission denied error for certain users Updated email server configuration to resolve the issue.
INC0000018,In Progress,File upload feature not working,Fixed the integration issue by updating API keys.,In Progress File upload feature not working Fixed the integration issue by updating API keys.
INC0000019,In Progress,Email notifications are not being sent,Fixed a bug in the file upload module.,In Progress Email notifications are not being sent Fixed a bug in the file upload module.
INC0000020,New,Permission denied error for certain users,Fixed the integration issue by updating API keys.,New Permission denied error for certain users Fixed the integration issue by updating API keys.
INC0000021,On Hold,Unable to create new user accounts,Restarted the affected service and monitored for stability.,On Hold Unable to create new user accounts Restarted the affected service and monitored for stability.
INC0000022,Resolved,Slow response times for API requests,Improved API response times by optimizing database queries.,Resolved Slow response times for API requests Improved API response times by optimizing database queries.
INC0000023,Closed,User account locked due to multiple failed login attempts,Fixed the search functionality by reindexing the database.,Closed User account locked due to multiple failed login attempts Fixed the search functionality by reindexing the database.
INC0000024,Resolved,Scheduled jobs are not running as expected,Optimized server configuration to reduce memory usage.,Resolved Scheduled jobs are not running as expected Optimized server configuration to reduce memory usage.
INC0000025,On Hold,Permission denied error for certain users,Increased session timeout duration as per user feedback.,On Hold Permission denied error for certain users Increased session timeout duration as per user feedback.
INC0000026,Resolved,Unexpected logout from the platform,Fixed the integration issue by updating API keys.,Resolved Unexpected logout from the platform Fixed the integration issue by updating API keys.
INC0000027,On Hold,Unexpected logout from the platform,Deployed a patch to fix the service availability issue.,On Hold Unexpected logout from the platform Deployed a patch to fix the service availability issue.
INC0000028,On Hold,Error while generating reports,Resolved the unexpected logout issue by fixing session handling logic.,On Hold Error while generating reports Resolved the unexpected logout issue by fixing session handling logic.
INC0000029,Resolved,Unable to reset user password,Updated email server configuration to resolve the issue.,Resolved Unable to reset user password Updated email server configuration to resolve the issue.
INC0000030,Closed,API returning 500 Internal Server Error,Resolved the unexpected logout issue by fixing session handling logic.,Closed API returning 500 Internal Server Error Resolved the unexpected logout issue by fixing session handling logic.
INC0000031,Closed,API returning 500 Internal Server Error,Increased database connection pool size to handle more requests.,Closed API returning 500 Internal Server Error Increased database connection pool size to handle more requests.
INC0000032,In Progress,Service is unavailable for certain regions,Provided the user with a temporary password and instructions to reset it.,In Progress Service is unavailable for certain regions Provided the user with a temporary password and instructions to reset it.
INC0000033,In Progress,Unable to access the platform dashboard,Resolved the issue by fixing a bug in the user creation workflow.,In Progress Unable to access the platform dashboard Resolved the issue by fixing a bug in the user creation workflow.
INC0000034,On Hold,User account locked due to multiple failed login attempts,Resolved the crash by increasing the file size limit.,On Hold User account locked due to multiple failed login attempts Resolved the crash by increasing the file size limit.
INC0000035,Resolved,Search functionality is not returning results,Fixed a bug in the file upload module.,Resolved Search functionality is not returning results Fixed a bug in the file upload module.
INC0000036,In Progress,Service is unavailable for certain regions,Fixed a bug in the file upload module.,In Progress Service is unavailable for certain regions Fixed a bug in the file upload module.
INC0000037,Closed,Service is unavailable for certain regions,Resolved the crash by increasing the file size limit.,Closed Service is unavailable for certain regions Resolved the crash by increasing the file size limit.
INC0000038,In Progress,Search functionality is not returning results,Resolved the error by updating the report generation logic.,In Progress Search functionality is not returning results Resolved the error by updating the report generation logic.
INC0000039,On Hold,Unable to access the platform dashboard,Increased session timeout duration as per user feedback.,On Hold Unable to access the platform dashboard Increased session timeout duration as per user feedback.
INC0000040,New,High memory usage on the application server,Resolved the error by updating the report generation logic.,New High memory usage on the application server Resolved the error by updating the report generation logic.
INC0000041,On Hold,Error while generating reports,Fixed the integration issue by updating API keys.,On Hold Error while generating reports Fixed the integration issue by updating API keys.
INC0000042,In Progress,Unexpected logout from the platform,Resolved the crash by increasing the file size limit.,In Progress Unexpected logout from the platform Resolved the crash by increasing the file size limit.
INC0000043,On Hold,Error while generating reports,Resolved the error by updating the report generation logic.,On Hold Error while generating reports Resolved the error by updating the report generation logic.
INC0000044,In Progress,Error while generating reports,Resolved the unexpected logout issue by fixing session handling logic.,In Progress Error while generating reports Resolved the unexpected logout issue by fixing session handling logic.
INC0000045,On Hold,Permission denied error for certain users,Updated email server configuration to resolve the issue.,On Hold Permission denied error for certain users Updated email server configuration to resolve the issue.
INC0000046,On Hold,Scheduled jobs are not running as expected,Resolved the issue by fixing a bug in the user creation workflow.,On Hold Scheduled jobs are not running as expected Resolved the issue by fixing a bug in the user creation workflow.
INC0000047,Resolved,Slow response times for API requests,Resolved the crash by increasing the file size limit.,Resolved Slow response times for API requests Resolved the crash by increasing the file size limit.
INC0000048,On Hold,Data synchronization between services is delayed,Deployed a patch to fix the service availability issue.,On Hold Data synchronization between services is delayed Deployed a patch to fix the service availability issue.
INC0000049,On Hold,High memory usage on the application server,Resolved the error by updating the report generation logic.,On Hold High memory usage on the application server Resolved the error by updating the report generation logic.
INC0000050,On Hold,Service is unavailable for certain regions,Increased session timeout duration as per user feedback.,On Hold Service is unavailable for certain regions Increased session timeout duration as per user feedback.
INC0000051,In Progress,Session timeout occurs too quickly,Restarted the affected service and monitored for stability.,In Progress Session timeout occurs too quickly Restarted the affected service and monitored for stability.
INC0000052,New,User account locked due to multiple failed login attempts,Optimized server configuration to reduce memory usage.,New User account locked due to multiple failed login attempts Optimized server configuration to reduce memory usage.
INC0000053,New,Permission denied error for certain users,Resolved the unexpected logout issue by fixing session handling logic.,New Permission denied error for certain users Resolved the unexpected logout issue by fixing session handling logic.
INC0000054,In Progress,Search functionality is not returning results,Increased session timeout duration as per user feedback.,In Progress Search functionality is not returning results Increased session timeout duration as per user feedback.
INC0000055,New,Email notifications are not being sent,Fixed the integration issue by updating API keys.,New Email notifications are not being sent Fixed the integration issue by updating API keys.
INC0000056,Resolved,Unable to reset user password,Fixed the data synchronization delay by optimizing the sync process.,Resolved Unable to reset user password Fixed the data synchronization delay by optimizing the sync process.
INC0000057,On Hold,Error while generating reports,Fixed the data synchronization delay by optimizing the sync process.,On Hold Error while generating reports Fixed the data synchronization delay by optimizing the sync process.
INC0000058,In Progress,Unable to create new user accounts,Restarted the affected service and monitored for stability.,In Progress Unable to create new user accounts Restarted the affected service and monitored for stability.
INC0000059,On Hold,Application crashes when uploading large files,Fixed the integration issue by updating API keys.,On Hold Application crashes when uploading large files Fixed the integration issue by updating API keys.
INC0000060,Closed,Permission denied error for certain users,Resolved the issue by fixing a bug in the user creation workflow.,Closed Permission denied error for certain users Resolved the issue by fixing a bug in the user creation workflow.
INC0000061,Resolved,Error while generating reports,Optimized server configuration to reduce memory usage.,Resolved Error while generating reports Optimized server configuration to reduce memory usage.
INC0000062,Closed,Search functionality is not returning results,Resolved the error by updating the report generation logic.,Closed Search functionality is not returning results Resolved the error by updating the report generation logic.
INC0000063,Closed,Integration with third-party service is failing,Resolved the crash by increasing the file size limit.,Closed Integration with third-party service is failing Resolved the crash by increasing the file size limit.
INC0000064,New,Email notifications are not being sent,Fixed the search functionality by reindexing the database.,New Email notifications are not being sent Fixed the search functionality by reindexing the database.
INC0000065,On Hold,Search functionality is not returning results,Updated email server configuration to resolve the issue.,On Hold Search functionality is not returning results Updated email server configuration to resolve the issue.
INC0000066,In Progress,Integration with third-party service is failing,Fixed the integration issue by updating API keys.,In Progress Integration with third-party service is failing Fixed the integration issue by updating API keys.
INC0000067,Resolved,Unable to reset user password,Increased database connection pool size to handle more requests.,Resolved Unable to reset user password Increased database connection pool size to handle more requests.
INC0000068,On Hold,Integration with third-party service is failing,Optimized server configuration to reduce memory usage.,On Hold Integration with third-party service is failing Optimized server configuration to reduce memory usage.
INC0000069,On Hold,Error while generating reports,Reconfigured scheduled jobs to run at the correct intervals.,On Hold Error while generating reports Reconfigured scheduled jobs to run at the correct intervals.
INC0000070,On Hold,Unexpected logout from the platform,Restarted the affected service and monitored for stability.,On Hold Unexpected logout from the platform Restarted the affected service and monitored for stability.
INC0000071,On Hold,Unable to create new user accounts,Resolved the issue by fixing a bug in the user creation workflow.,On Hold Unable to create new user accounts Resolved the issue by fixing a bug in the user creation workflow.
INC0000072,Closed,Unable to access the platform dashboard,Resolved the error by updating the report generation logic.,Closed Unable to access the platform dashboard Resolved the error by updating the report generation logic.
INC0000073,Closed,Unable to reset user password,Increased database connection pool size to handle more requests.,Closed Unable to reset user password Increased database connection pool size to handle more requests.
INC0000074,New,Integration with third-party service is failing,Fixed a bug in the file upload module.,New Integration with third-party service is failing Fixed a bug in the file upload module.
INC0000075,In Progress,Unable to access the platform dashboard,Reconfigured scheduled jobs to run at the correct intervals.,In Progress Unable to access the platform dashboard Reconfigured scheduled jobs to run at the correct intervals.
INC0000076,Resolved,Slow response times for API requests,Fixed the search functionality by reindexing the database.,Resolved Slow response times for API requests Fixed the search functionality by reindexing the database.
INC0000077,Closed,Unable to create new user accounts,Resolved the error by updating the report generation logic.,Closed Unable to create new user accounts Resolved the error by updating the report generation logic.
INC0000078,Closed,Error while generating reports,Increased database connection pool size to handle more requests.,Closed Error while generating reports Increased database connection pool size to handle more requests.
INC0000079,In Progress,High memory usage on the application server,Increased database connection pool size to handle more requests.,In Progress High memory usage on the application server Increased database connection pool size to handle more requests.
INC0000080,Closed,API returning 500 Internal Server Error,Resolved the error by updating the report generation logic.,Closed API returning 500 Internal Server Error Resolved the error by updating the report generation logic.
INC0000081,Resolved,Integration with third-party service is failing,Unlocked the user's account and provided instructions to reset the password.,Resolved Integration with third-party service is failing Unlocked the user's account and provided instructions to reset the password.
INC0000082,In Progress,Integration with third-party service is failing,Fixed a bug in the file upload module.,In Progress Integration with third-party service is failing Fixed a bug in the file upload module.
INC0000083,On Hold,High memory usage on the application server,Increased session timeout duration as per user feedback.,On Hold High memory usage on the application server Increased session timeout duration as per user feedback.
INC0000084,In Progress,High memory usage on the application server,Resolved the crash by increasing the file size limit.,In Progress High memory usage on the application server Resolved the crash by increasing the file size limit.
INC0000085,In Progress,Session timeout occurs too quickly,Increased database connection pool size to handle more requests.,In Progress Session timeout occurs too quickly Increased database connection pool size to handle more requests.
INC0000086,Closed,Email notifications are not being sent,Resolved the unexpected logout issue by fixing session handling logic.,Closed Email notifications are not being sent Resolved the unexpected logout issue by fixing session handling logic.
INC0000087,On Hold,Service is unavailable for certain regions,Resolved the unexpected logout issue by fixing session handling logic.,On Hold Service is unavailable for certain regions Resolved the unexpected logout issue by fixing session handling logic.
INC0000088,Resolved,File upload feature not working,Fixed the integration issue by updating API keys.,Resolved File upload feature not working Fixed the integration issue by updating API keys.
INC0000089,Resolved,Scheduled jobs are not running as expected,Deployed a patch to fix the service availability issue.,Resolved Scheduled jobs are not running as expected Deployed a patch to fix the service availability issue.
INC0000090,Resolved,High memory usage on the application server,Fixed the search functionality by reindexing the database.,Resolved High memory usage on the application server Fixed the search functionality by reindexing the database.
INC0000091,New,Database connection timeout,Resolved the error by updating the report generation logic.,New Database connection timeout Resolved the error by updating the report generation logic.
INC0000092,Closed,Application crashes when uploading large files,Increased database connection pool size to handle more requests.,Closed Application crashes when uploading large files Increased database connection pool size to handle more requests.
INC0000093,In Progress,High memory usage on the application server,Updated user permissions to resolve the access issue.,In Progress High memory usage on the application server Updated user permissions to resolve the access issue.
INC0000094,Resolved,Scheduled jobs are not running as expected,Fixed the data synchronization delay by optimizing the sync process.,Resolved Scheduled jobs are not running as expected Fixed the data synchronization delay by optimizing the sync process.
INC0000095,On Hold,High memory usage on the application server,Resolved the crash by increasing the file size limit.,On Hold High memory usage on the application server Resolved the crash by increasing the file size limit.
INC0000096,In Progress,File upload feature not working,Fixed the data synchronization delay by optimizing the sync process.,In Progress File upload feature not working Fixed the data synchronization delay by optimizing the sync process.
INC0000097,On Hold,Session timeout occurs too quickly,Deployed a patch to fix the service availability issue.,On Hold Session timeout occurs too quickly Deployed a patch to fix the service availability issue.
INC0000098,On Hold,Slow response times for API requests,Reconfigured scheduled jobs to run at the correct intervals.,On Hold Slow response times for API requests Reconfigured scheduled jobs to run at the correct intervals.
INC0000099,On Hold,Permission denied error for certain users,Improved API response times by optimizing database queries.,On Hold Permission denied error for certain users Improved API response times by optimizing database queries.
INC0000100,In Progress,Unable to create new user accounts,Reconfigured scheduled jobs to run at the correct intervals.,In Progress Unable to create new user accounts Reconfigured scheduled jobs to run at the correct intervals.
